Representative_Sequence,B321D,B321N,B323D,B323N,B324D,B324N,B325D,B325N,B326D,B326N,B327D,B327N,B328D,B328N,B329N,B330D,B330N,B331D,B331N,B332D,B332N,B333D,B333N,B334D,B334N,B335D,B335N,total,relative
M04837_139_000000000-C4LDR_1_1113_23428_2956,156,69,176,150,147,142,31,0,125,112,292,208,320,265,399,259,327,189,148,182,72,100,105,152,88,272,113,4599,0.18484355217941761
M04837_139_000000000-C4LDR_1_2117_19112_18957,882,3171,504,541,645,718,1140,1861,192,1032,125,665,604,1694,2955,1725,3062,5497,9453,2670,4019,804,941,1175,1952,1312,1956,51295,2.061654709511465
M04837_139_000000000-C4LDR_1_1119_25882_19060,1066,59,1304,1809,2215,2172,1055,1351,493,441,387,423,866,1493,663,497,301,533,38,1550,308,1680,1903,5812,7541,929,689,37578,1.5103394224392597
M04837_139_000000000-C4LDR_1_2104_24333_11710,626,693,3248,3276,1109,880,3272,3232,7135,3990,3467,3185,8502,4809,1799,801,1075,314,113,555,206,266,349,241,229,421,317,54110,2.1747955225980187
M04837_139_000000000-C4LDR_1_1114_11818_4308,75,128,152,445,34,95,58,382,293,220,39,14,81,98,47,18,56,33,366,184,67,433,102,56,136,214,80,3906,0.15699041417977935
M04837_139_000000000-C4LDR_1_2103_24620_23386,1881,2837,1492,1368,4989,5829,465,422,0,706,1150,779,231,334,792,652,1306,1785,605,2399,587,975,2274,1047,945,1002,800,37652,1.5133136391953539
M04837_139_000000000-C4LDR_1_2106_21077_4818,6053,882,2656,3227,916,425,710,971,724,1605,1587,1403,1335,1858,1462,5716,4862,3233,1192,4611,3359,7911,3451,2079,2265,628,455,65576,2.6356383513193062
M04837_139_000000000-C4LDR_1_1106_11005_21770,71,273,108,83,6,35,43,31,424,246,422,290,54,85,18,144,380,227,181,136,292,25,204,1,73,67,266,4185,0.16820401519262074
M04837_139_000000000-C4LDR_1_1107_24268_13130,3304,1089,3081,3896,1658,748,2881,2803,4850,1848,4634,1645,3648,4055,3799,3470,3755,1449,826,3280,454,3163,571,572,291,1600,768,64138,2.5778420851670987
M04837_139_000000000-C4LDR_1_2113_11905_12753,475,3738,398,479,1494,2459,442,2343,650,1230,139,329,347,413,1759,1100,1681,540,2922,1243,3958,1011,3000,1440,3299,484,5124,42497,1.7080444524828682
M04837_139_000000000-C4LDR_1_1106_15974_17066,227,539,217,365,39,97,209,78,1067,557,928,837,99,246,78,400,909,695,603,315,938,105,605,0,47,178,634,11012,0.442595607001467
M04837_139_000000000-C4LDR_1_1115_19335_4789,5244,2528,6844,6840,2395,3772,4959,3315,3054,3801,3983,2454,4367,4049,2518,5487,6972,5387,1873,6721,3856,9955,5245,5675,2825,6486,7704,128309,5.157010510238942
M04837_139_000000000-C4LDR_1_1108_20016_4720,3391,2266,5550,4759,4358,4483,4263,5708,3155,4715,4473,5434,5503,9570,4526,4503,4760,3074,1240,4254,3474,5099,2389,2873,1824,5182,3968,114794,4.613814031068507
M04837_139_000000000-C4LDR_1_1102_19598_16900,36,95,34,113,12,19,197,567,979,362,150,53,133,24,17,24,31,44,153,41,63,21,39,2,38,301,102,3650,0.14670123188842668
M04837_139_000000000-C4LDR_1_2111_17059_13127,2795,1875,658,760,139,136,763,456,814,1676,2197,5739,699,1328,763,518,522,737,1291,842,1091,579,784,256,230,1236,808,29692,1.1933843773236068
M04837_139_000000000-C4LDR_1_1111_20188_2368,1,0,354,187,0,0,1395,329,1,1,0,167,15,0,0,0,0,0,0,0,0,0,183,123,2840,0,0,5596,0.2249150941500372
M04837_139_000000000-C4LDR_1_2108_7820_15354,5661,8167,6185,5582,3590,2172,3390,4985,5581,7530,8184,7286,1386,1722,1534,3661,4310,3957,5595,1448,3250,2224,4185,2661,2780,4022,4415,115463,4.640702558228331
M04837_139_000000000-C4LDR_1_2107_18716_16651,184,61,115,204,122,53,40,137,45,47,39,242,21,45,903,83,752,63,5,386,224,177,1048,25,3,142,36,5202,0.2090793995297522
M04837_139_000000000-C4LDR_1_1107_15889_4431,756,87,310,423,139,68,95,158,81,176,195,146,197,287,195,677,673,425,163,558,388,984,454,293,264,127,59,8378,0.3367295673318462
M04837_139_000000000-C4LDR_1_2118_11286_6052,1815,5928,2849,2284,123,1569,3069,3596,538,4009,61,1518,129,1183,2403,790,470,457,6540,1699,4868,115,2720,1227,1972,2214,2186,56332,2.2641024095174935
M04837_139_000000000-C4LDR_1_2103_23700_6486,790,2064,461,917,62,326,735,426,4257,2418,4315,3529,692,1063,435,1699,3489,2280,1593,1276,3114,238,2419,11,460,448,2370,41887,1.6835272603042544
M04837_139_000000000-C4LDR_1_1106_25912_16073,105,0,12,0,135,258,0,0,0,0,0,0,0,15,0,0,0,98,111,60,571,5,250,31,28,0,155,1834,0.07371234500914371
M04837_139_000000000-C4LDR_1_1117_22465_6723,189,0,0,103,6313,2621,0,0,0,0,0,0,0,0,0,0,0,0,0,182,0,0,163,11671,1847,0,44,23133,0.9297642732260204
M04837_139_000000000-C4LDR_1_1107_22309_17991,48,34,67,98,196,158,39,118,15,28,7,29,23,15,150,38,90,27,43,36,21,57,163,88,155,57,444,2244,0.09019111352263821
M04837_268_000000000-JK5FH_1_1107_9931_11626,1793,0,66,51,0,0,0,73,30,280,25,18,26,451,419,305,316,316,553,7,0,44,0,7,26,0,52,4858,0.19525331082574707
M04837_139_000000000-C4LDR_1_1113_24062_3076,657,317,1359,1432,842,283,1399,1075,1076,879,810,977,2268,1817,1167,465,570,1225,173,1254,631,1870,515,472,170,992,647,25342,1.0185486626072626
M04837_139_000000000-C4LDR_1_2101_5689_18702,0,23,0,0,41,0,552,115,737,389,619,781,275,188,39,129,166,108,152,16,18,10,51,0,0,0,15,4424,0.17780993147243826
M04837_139_000000000-C4LDR_1_2119_22602_15301,286,24,353,496,70,20,377,604,64,124,280,261,1736,791,1292,737,483,722,24,480,116,643,78,159,2,54,91,10367,0.4166716906814574
M04837_139_000000000-C4LDR_1_2112_24906_3225,46,5076,282,190,523,939,686,110,5330,1700,330,506,5044,217,411,9889,1340,7732,2061,1695,2324,100,163,150,146,653,546,48189,1.9368179899921625
M04837_268_000000000-JK5FH_1_2106_12534_15573,289,62,439,441,397,137,875,574,1343,960,1049,819,1279,1029,1204,332,376,331,59,340,201,659,211,234,72,299,453,14464,0.5813387994614256
M04837_139_000000000-C4LDR_1_1101_11813_11420,3572,1263,2873,1390,347,811,1068,1514,1181,3202,516,345,529,782,1052,1320,638,2138,1143,4921,867,1995,1952,99,1583,227,1678,39006,1.5677337674082112
M04837_139_000000000-C4LDR_1_2114_12534_9377,0,86,60,28,0,1139,112,22,285,199,56,210,0,2,1,99,5,842,640,95,2946,1039,105,0,153,19,1093,9236,0.3712144048552079
M04837_139_000000000-C4LDR_1_2101_6531_12972,0,267,0,0,0,0,0,0,0,0,0,0,619,0,0,347,0,76,436,0,0,185,0,0,0,0,0,1930,0.07757078836840095
M04837_139_000000000-C4LDR_1_1109_18068_12246,181,47,193,175,28,30,82,102,0,117,0,0,70,107,49,0,100,96,121,0,72,0,113,55,56,244,41,2079,0.08355941399891481
M04837_268_000000000-JK5FH_1_1115_16828_1424,527,208,0,0,0,0,772,706,0,0,0,0,464,379,305,367,303,306,0,0,0,782,0,0,0,0,246,5365,0.21563071481682441
M04837_139_000000000-C4LDR_1_1109_22318_17354,365,332,144,88,49,69,5763,402,530,94,674,163,1057,10,195,359,201,317,71,902,334,336,708,88,322,163,369,14105,0.5669098289825365
M04837_139_000000000-C4LDR_1_2110_22549_9677,938,411,0,0,1707,1596,370,0,0,512,0,0,0,0,2491,2350,1726,920,707,1379,1904,653,381,758,664,820,1905,22192,0.8919434898816342
M04837_139_000000000-C4LDR_1_1105_24508_5412,95,22,108,92,144,126,61,60,128,102,343,139,122,199,158,4,1,2,4,29,3,56,14,23,0,21,28,2084,0.0837603745905428
M04837_139_000000000-C4LDR_1_2113_6353_16367,189,1605,0,1,0,0,3000,26,2449,459,426,135,0,0,4,0,117,0,331,5,0,0,230,0,105,53,1,9136,0.36719519302264825
M04837_139_000000000-C4LDR_1_2108_10126_12572,509,30,49,230,0,92,7,108,6,86,179,149,106,691,575,831,1148,147,138,326,29,649,726,251,278,2,341,7683,0.30879604509555675
M04837_139_000000000-C4LDR_1_1117_19571_14583,640,264,691,653,0,247,488,404,986,1229,372,186,22,372,0,113,79,354,339,174,255,117,1086,215,116,111,36,9549,0.38379453789111956
M04837_139_000000000-C4LDR_1_2101_12473_14135,625,3582,188,163,660,419,342,511,273,178,130,402,86,355,64,133,131,457,1032,339,386,170,202,978,437,435,477,13155,0.52872731657322
M04837_139_000000000-C4LDR_1_2114_26951_8168,0,2,0,0,0,0,0,0,0,0,0,0,0,0,274,200,0,308,426,576,528,17,2017,0,1,0,0,4349,0.17479552259801853
M04837_139_000000000-C4LDR_1_1101_22807_2924,5136,547,1356,1233,891,909,397,278,419,353,251,363,58,338,244,451,567,1441,425,1873,833,596,867,380,178,712,380,21476,0.8631659331605073
M04837_139_000000000-C4LDR_1_1104_27304_12096,47,112,0,0,46,14,173,310,0,5,1,0,711,673,11,389,320,188,207,2,1,0,11,0,0,8,34,3263,0.1311468820964209
M04837_139_000000000-C4LDR_1_1114_15972_23599,195,22,9,53,79,455,79,334,356,1006,206,258,960,456,1360,961,133,29,672,62,44,75,6,83,22,0,0,7915,0.3181206165470951
M04837_139_000000000-C4LDR_1_1105_18821_19660,1137,398,762,709,0,0,414,0,0,0,0,0,464,0,319,591,624,796,0,854,531,1948,946,1554,548,1312,0,13907,0.5589517895540684
M04837_139_000000000-C4LDR_1_2112_16619_5799,0,47,2,2,94,565,0,0,0,0,0,1,0,0,1,0,0,0,0,8,732,19,699,207,242,0,23,2642,0.10618757661622556
M04837_139_000000000-C4LDR_1_2101_13360_17819,5557,1480,6777,6397,976,871,4328,3764,5080,4956,5410,3047,2749,3652,1977,3646,3379,3178,2636,3306,2735,4226,3980,2422,2163,10536,1966,101194,4.0672012218403975
M04837_139_000000000-C4LDR_1_1112_12964_19508,458,43,92,73,0,263,671,447,82,26,174,87,106,489,1253,290,86,22,13,556,165,212,203,3077,584,289,39,9800,0.39388275959084423
M04837_139_000000000-C4LDR_1_2113_24032_24068,155,73,3,46,0,0,2,14,106,37,333,47,12,3,376,112,72,68,8,127,109,52,55,2,3,161,0,1976,0.07941962581137839
M04837_139_000000000-C4LDR_1_2101_4917_18911,38,695,152,23,0,0,1,583,34,30,63,116,37,18,12,9,0,0,0,0,200,33,83,388,0,0,1,2516,0.10112336970720041
M04837_139_000000000-C4LDR_1_2104_20074_18005,167,14,313,497,0,0,2653,247,64,39,0,40,0,306,1628,170,80,1259,11,484,686,453,552,628,1874,118,0,12283,0.4936797893933
M04837_139_000000000-C4LDR_1_2110_20129_21295,18,151,2,2,101,69,31,275,0,87,0,45,29,77,333,134,184,75,124,60,83,77,137,24,56,5,193,2372,0.09533570466831455
M04837_139_000000000-C4LDR_1_2113_20501_12023,105,274,386,269,198,243,354,336,544,594,182,124,77,0,19,41,54,46,85,147,68,34,137,243,240,436,97,5333,0.21434456703040533
M04837_139_000000000-C4LDR_1_2101_21034_16071,340,391,711,1033,611,1194,471,1213,434,693,76,156,81,89,817,927,915,1373,253,2342,1629,3970,4106,2152,781,761,790,28309,1.137798677679307
M04837_268_000000000-JK5FH_1_1111_16739_18626,4249,3035,581,211,503,645,530,1257,181,1307,350,658,322,1084,2369,1287,1728,2124,4422,1014,2617,473,963,639,909,999,1429,35886,1.4423343582323507
M04837_139_000000000-C4LDR_1_1117_10536_10418,942,275,459,465,575,266,1271,1238,621,459,668,777,4285,4354,1361,2234,2584,2088,751,401,125,1018,84,55,249,875,705,29185,1.1730069733325295
M04837_139_000000000-C4LDR_1_2101_17380_8856,0,0,3551,3024,20,4117,0,0,98,1537,1539,823,0,33,0,0,0,0,0,0,0,0,0,0,0,0,0,14742,0.5925122083559414
M04837_139_000000000-C4LDR_1_1117_13058_10703,257,1451,17,31,217,296,64,3,0,19,0,0,0,0,7,135,120,751,83,541,761,226,1294,1492,5478,556,71,13870,0.5574646811760214
M04837_139_000000000-C4LDR_1_2107_15987_5069,410,2380,2015,74,0,0,250,1567,477,58,514,689,551,62,167,57,0,0,1495,0,542,149,649,943,0,31,0,13080,0.5257129076988003
M04837_139_000000000-C4LDR_1_1115_26696_17897,407,0,251,264,339,0,0,0,0,0,181,62,0,0,0,249,0,0,0,123,0,655,644,221,0,0,290,3686,0.14814814814814814
M04837_139_000000000-C4LDR_1_1118_25967_10455,386,1188,880,590,36,213,437,203,2636,1362,2588,2328,399,629,260,924,2002,1522,2360,756,2147,384,1356,8,244,287,1287,27412,1.1017463475412472
M04837_139_000000000-C4LDR_1_1114_21929_19970,873,96,855,1018,18535,10236,338,286,32,261,3,199,1322,463,257,103,130,839,15,1444,71,753,1035,6380,940,401,412,47297,1.9009666204457305
M04837_139_000000000-C4LDR_1_2116_21700_5783,0,0,0,0,0,0,0,0,0,1101,0,95,601,0,0,1092,903,276,0,0,137,0,0,0,0,0,0,4205,0.16900785755913264
M04837_139_000000000-C4LDR_1_2116_14846_19618,15,9,9,10,1271,566,10,24,2,43,2,9,27,52,194,259,249,80,0,122,43,1180,2553,384,133,19,54,7319,0.29416611402503967
M04837_139_000000000-C4LDR_1_1105_15834_22985,102,88,208,196,127,138,77,120,120,151,184,159,154,270,109,150,161,104,68,89,87,126,52,0,38,163,62,3303,0.13275456682944475
M04837_139_000000000-C4LDR_1_2101_12229_10447,2,25,193,144,0,2,0,0,0,149,0,391,0,0,472,2,1667,0,1223,0,1918,0,754,2,1205,0,2897,11046,0.4439621390245373
M04837_139_000000000-C4LDR_1_1116_21555_13301,139,158,2,4,153,5,425,409,3,3,5,1,214,456,0,231,205,124,137,89,4,0,0,0,5,92,121,2985,0.1199734732019051
M04837_139_000000000-C4LDR_1_1104_8880_8730,0,0,18,25,181,223,5992,834,1192,228,29,36,244,2,0,0,0,0,0,0,0,0,0,0,1,33,179,9217,0.37045075460702154
M04837_139_000000000-C4LDR_1_2110_15539_18010,0,0,49,0,592,1005,48,470,0,248,22,154,37,0,913,0,170,162,0,102,448,0,329,327,785,162,1730,7753,0.3116094933783485
M04837_139_000000000-C4LDR_1_1105_22439_18387,3,0,17,53,8,10,248,237,376,178,641,129,263,218,92,106,59,35,22,15,3,10,8,5,13,62,43,2854,0.11470830570125198
M04837_139_000000000-C4LDR_1_1112_17047_8173,61,43,191,36,3877,7354,0,150,7,21,1,22,0,0,0,0,0,0,0,0,0,0,334,1604,3024,2027,224,18976,0.7626856373465164
M04837_139_000000000-C4LDR_1_2115_12156_10720,464,190,451,480,37,91,412,340,839,546,1061,256,164,294,1202,316,392,788,730,422,493,54,459,134,346,490,177,11628,0.46735395189003437
M04837_139_000000000-C4LDR_1_2110_6015_3339,161,99,54,50,13,16,40,24,42,105,169,281,42,68,44,35,35,47,65,38,36,43,33,16,13,86,40,1695,0.06812564056188582
M04837_139_000000000-C4LDR_1_1119_19879_12517,12,7,3,43,50,25,145,40,678,240,588,230,655,493,326,23,14,42,59,30,4,20,7,11,9,6,13,3773,0.15164486244247502
M04837_139_000000000-C4LDR_1_2113_18110_21441,132,80,248,189,76,97,125,0,147,136,243,78,192,84,80,234,200,212,0,157,77,379,111,111,0,184,0,3572,0.14356624665903017
M04837_139_000000000-C4LDR_1_1118_22546_5478,129,0,0,0,5,1,150,57,174,38,72,37,256,157,371,184,53,223,0,305,91,39,6,121,5,135,209,2818,0.11326138944153051
M04837_139_000000000-C4LDR_1_1113_23578_4353,48,0,98,72,33,15,66,61,61,66,89,14,58,81,91,35,61,15,9,33,26,93,75,47,5,31,6,1289,0.0518076405216937
M04837_139_000000000-C4LDR_1_2114_8001_11503,0,312,728,0,0,0,61,321,385,316,161,3852,0,0,0,1014,0,0,0,0,1779,0,16,0,0,134,46,9125,0.3667530797210667
M04837_139_000000000-C4LDR_1_1119_25657_8962,210,135,480,442,792,190,361,422,53,80,62,48,432,376,305,391,326,258,9,323,182,1208,356,1319,156,645,314,9875,0.39689716846526396
M04837_139_000000000-C4LDR_1_2116_22087_8927,463,104,208,317,61,29,58,91,65,148,118,139,150,155,111,499,448,273,114,417,280,647,286,192,292,76,46,5787,0.23259178875022607
M04837_139_000000000-C4LDR_1_2114_20456_17737,9,2,27,38,7,3,168,149,245,110,430,113,118,194,60,60,58,19,20,17,2,3,5,10,20,70,33,1990,0.07998231546793674
M04837_139_000000000-C4LDR_1_2104_28209_16375,66,164,158,128,137,101,45,64,56,71,44,25,19,13,25,21,37,20,35,23,20,30,93,37,40,37,10,1519,0.061051827736580855
M04837_139_000000000-C4LDR_1_1111_15941_10740,96,65,193,206,195,171,305,251,661,560,876,526,952,858,987,32,31,64,9,76,22,23,14,3,1,39,138,7354,0.29557283816643554
M04837_139_000000000-C4LDR_1_2115_23047_22761,110,90,298,406,285,273,431,418,873,417,215,272,245,632,110,331,491,233,11,328,239,627,158,358,24,376,643,8894,0.35746870038785394
M04837_139_000000000-C4LDR_1_2111_7246_5029,1362,221,629,913,232,110,171,261,227,366,386,354,323,454,318,1421,1230,815,260,1142,866,1919,923,503,581,175,139,16301,0.6551717208255461
M04837_139_000000000-C4LDR_1_1117_18093_21291,0,0,0,0,0,0,0,0,0,0,1,7286,0,0,0,0,0,0,0,0,0,0,0,0,0,0,0,7287,0.2928799662386206
M04837_139_000000000-C4LDR_1_2102_20134_24739,442,387,0,91,0,0,0,1563,0,387,21,221,353,3582,870,172,872,242,623,184,480,387,172,194,113,0,105,11461,0.4606418681296598
M04837_139_000000000-C4LDR_1_2115_25427_7468,518,132,2,0,0,0,0,153,0,110,0,34,581,264,0,0,0,47,92,782,99,460,0,128,134,0,0,3536,0.14211933039930869
M04837_139_000000000-C4LDR_1_1112_18479_17248,0,0,0,0,0,0,542,562,0,829,0,0,1415,1154,382,421,0,0,0,0,0,966,208,0,0,0,0,6479,0.26040473463153874
M04837_139_000000000-C4LDR_1_1104_28736_16190,157,7,95,72,0,1,2,0,60,35,32,698,151,4,0,1,118,149,110,76,94,0,169,122,4,162,20,2339,0.09400936476356986
M04837_139_000000000-C4LDR_1_1113_16903_9745,16,12,112,164,183,13,21,4,7,10,5,10,211,66,58,144,67,96,2,84,28,219,42,1,0,4,3,1582,0.06358393119109343
M04837_139_000000000-C4LDR_1_2108_13197_5303,44,0,182,139,41,21,78,74,154,73,87,42,128,96,107,33,52,23,0,65,27,195,86,33,0,29,0,1809,0.0727075420510038
M04837_139_000000000-C4LDR_1_1108_21101_12972,160,57,1429,1216,75,70,375,317,894,723,492,528,197,202,35,61,131,198,269,575,427,57,243,153,96,563,86,9629,0.3870099073571673
M04837_139_000000000-C4LDR_1_2118_24551_8140,158,56,98,88,103,48,162,169,101,206,68,85,129,105,44,74,65,79,42,88,73,102,62,53,70,156,114,2598,0.10441912340989933
M04837_139_000000000-C4LDR_1_2115_16789_7537,266,1,76,95,573,829,183,163,161,65,135,104,203,102,65,95,39,69,16,65,92,109,197,1868,759,330,117,6777,0.27238198589256646
M04837_139_000000000-C4LDR_1_2114_11627_3970,11,10,19,15,111,1395,126,181,0,91,3,20,179,655,428,142,146,106,0,119,417,411,160,1040,2747,0,367,8899,0.35766966097948194
M04837_139_000000000-C4LDR_1_1112_16009_19398,347,0,443,360,0,0,0,0,504,0,329,103,297,0,168,0,0,0,0,0,117,0,321,46,0,0,0,3035,0.12198307911818493
M04837_139_000000000-C4LDR_1_1113_21321_21850,0,475,823,14,0,81,1332,794,309,1296,395,208,0,719,11,539,5,0,322,221,11,0,388,0,0,0,1,7944,0.3192861879785374
M04837_139_000000000-C4LDR_1_1111_22309_16390,0,0,0,0,28,173,0,0,0,0,0,0,0,0,0,0,32,0,0,19,0,0,0,2,415,0,1382,2051,0.08243403468579812
M04837_139_000000000-C4LDR_1_2115_5980_13961,0,1,2,0,0,17,0,263,0,88,0,18,0,1,160,2,0,0,0,0,34,7,0,0,4,0,1521,2118,0.08512690661361307
M04837_139_000000000-C4LDR_1_2118_15787_2482,0,0,0,0,0,0,0,0,0,0,6275,3,1,0,0,0,0,0,0,0,0,0,0,0,0,0,0,6279,0.2523663109664195
M04837_139_000000000-C4LDR_1_2113_19623_13777,11,686,177,62,21,1319,132,438,0,387,855,159,106,1167,207,447,546,457,242,166,347,425,390,249,620,1120,3235,13971,0.5615240851269067
M04837_139_000000000-C4LDR_1_1106_13654_8450,529,689,194,146,73,49,98,183,176,371,400,249,365,234,238,65,81,98,336,306,319,273,43,22,27,156,45,5765,0.23170756214706295
M04837_139_000000000-C4LDR_1_2103_12827_20707,140,364,88,92,350,418,289,732,4,573,90,298,151,494,922,576,539,252,380,287,266,598,202,337,191,156,805,9594,0.38560318321577136
M04837_139_000000000-C4LDR_1_2110_14520_6614,0,0,0,0,0,0,0,0,0,0,0,2244,0,0,0,0,0,0,0,0,0,0,0,0,0,0,0,2244,0.09019111352263821
M04837_139_000000000-C4LDR_1_1112_10770_7679,303,438,0,0,0,1,0,0,0,0,0,0,0,0,0,0,0,0,1578,32,24,0,98,536,1626,992,0,5628,0.22620124193645627
M04837_139_000000000-C4LDR_1_2106_26861_12765,199,32,70,58,40,16,46,44,89,134,156,163,89,112,76,165,132,170,162,113,96,140,43,25,24,33,24,2451,0.09851088201603665
M04837_139_000000000-C4LDR_1_1108_20834_16623,206,83,252,244,900,819,191,194,70,106,40,44,16,14,15,68,73,97,35,287,33,241,321,578,431,540,178,6076,0.24420731094632342
M04837_139_000000000-C4LDR_1_1107_27266_14566,0,0,1133,649,0,0,133,583,86,153,598,121,4802,123,70,116,123,57,0,47,0,14,2,32,15,309,8,9174,0.3687224935190209
M04837_139_000000000-C4LDR_1_2107_15604_19129,24,376,33,43,12,74,69,85,14,72,1,11,1,24,82,7,19,9,156,26,169,0,96,56,120,65,126,1770,0.07114004943630554
M04837_139_000000000-C4LDR_1_2106_18075_20191,62,30,295,219,80,37,97,161,194,137,104,63,22,107,112,152,123,96,133,75,66,95,1514,141,221,110,52,4498,0.1807841482285324
M04837_139_000000000-C4LDR_1_1112_12536_5127,65,188,98,394,0,0,23,0,94,89,0,18,0,177,26,82,0,77,0,17,792,679,0,27,79,112,0,3037,0.12206346335483612
M04837_139_000000000-C4LDR_1_2107_22268_7610,409,7,47,52,1,6,414,481,321,641,191,460,749,265,245,90,551,282,92,339,235,87,88,82,43,131,89,6398,0.25714917304716545
M04837_139_000000000-C4LDR_1_1107_14217_7419,791,1203,118,126,72,99,129,438,39,398,49,673,347,275,261,258,376,360,1389,279,514,214,169,270,276,574,413,10110,0.4063423162717791
M04837_139_000000000-C4LDR_1_1111_9298_15872,714,1,0,75,21,78,303,364,1191,249,139,33,609,143,32,175,90,267,95,248,90,65,274,177,48,14,100,5595,0.2248749020317116
M04837_139_000000000-C4LDR_1_1106_15991_15208,0,0,0,0,0,0,2,73,0,0,0,0,0,0,0,0,0,0,0,0,0,0,0,1,0,10984,0,11060,0.44452482868109566
M04837_139_000000000-C4LDR_1_1102_14432_12797,0,0,0,1,300,52,39,125,0,15,13,19,272,1242,17,25,4,10,0,104,0,13,0,0,0,16,75,2342,0.09412994111854665
M04837_139_000000000-C4LDR_1_1108_25832_21907,1,0,31,42,95,104,2643,417,498,118,42,24,132,3,0,0,1,0,0,0,0,0,0,0,0,26,315,4492,0.1805429955185788
M04837_139_000000000-C4LDR_1_1119_19616_23703,234,423,695,743,385,576,196,165,228,269,49,22,232,152,162,66,175,287,1165,247,110,140,290,287,979,59,94,8430,0.3388195574847772
M04837_139_000000000-C4LDR_1_2105_8239_22590,33,10,43,64,133,133,43,45,27,38,30,13,48,55,33,12,18,35,4,22,19,49,48,119,102,53,39,1268,0.05096360603685617
M04837_139_000000000-C4LDR_1_2116_4917_15056,0,0,16,40,4,1,43,1,2,324,0,1,0,0,0,0,2,0,0,92,0,6,145,4,39,4,1032,1756,0.07057735977974719
M04837_139_000000000-C4LDR_1_1108_23044_19710,16,5,16,43,26,5,71,108,25,68,79,45,56,33,194,80,38,135,58,81,14,123,5,3,11,22,4,1364,0.054822049396113424
M04837_139_000000000-C4LDR_1_2104_7775_10507,442,2,61,18,159,50,0,30,34,284,42,340,0,191,13,102,83,91,263,42,460,0,144,27,10,308,101,3297,0.13251341411949116
M04837_139_000000000-C4LDR_1_2108_12440_12694,0,0,0,0,0,0,0,0,0,69,0,141,0,0,39,0,454,0,220,0,355,0,333,0,83,0,0,1694,0.06808544844356022
M04837_139_000000000-C4LDR_1_1102_6896_10852,433,0,198,15,152,0,0,0,45,0,148,0,288,0,103,0,0,70,0,0,50,233,14,0,0,1,0,1750,0.07033620706979361
M04837_139_000000000-C4LDR_1_2104_22562_16373,96,362,211,186,10,109,110,165,41,227,0,55,16,88,130,49,48,33,370,92,193,4,132,56,75,137,95,3090,0.12419364562609272
M04837_139_000000000-C4LDR_1_1116_17958_5670,0,0,5,6,30,31,1040,152,188,37,6,3,53,1,0,0,3,0,0,0,0,0,0,0,0,8,58,1621,0.06515142380579168
M04837_139_000000000-C4LDR_1_1117_8189_5949,140,125,109,175,62,3,84,69,155,100,129,68,123,97,52,148,210,272,142,181,145,222,308,32,100,162,18,3431,0.1378991579751211
M04837_139_000000000-C4LDR_1_1102_16135_21699,0,0,0,0,0,84,0,0,0,0,0,261,0,0,0,0,0,0,235,0,255,0,360,220,224,0,191,1830,0.07355157653584132
M04837_139_000000000-C4LDR_1_1105_22117_21278,164,56,143,151,139,153,222,232,318,244,245,251,324,278,209,364,291,136,203,244,65,86,148,129,162,193,240,5390,0.21663551777496434
M04837_139_000000000-C4LDR_1_1113_7502_4143,107,79,36,26,309,879,65,40,61,105,11,26,2,0,2,0,6,127,3,245,118,2,19,174,157,2444,425,5468,0.21977050300436085
M04837_139_000000000-C4LDR_1_2105_21312_5055,0,69,8,955,266,14,0,32,83,0,438,90,0,0,0,63,57,115,4,176,55,7,204,676,671,1683,2,5668,0.2278089266694801
M04837_139_000000000-C4LDR_1_2109_18993_15897,73,81,412,406,11,47,83,116,428,651,401,397,41,38,938,199,57,174,391,133,544,44,63,147,28,525,369,6797,0.2731858282590784
M04837_268_000000000-JK5FH_1_2104_11292_7699,253,92,238,238,347,274,154,173,4,151,8,17,38,18,102,71,135,209,36,100,30,242,135,641,386,692,391,5175,0.20799421233496113
M04837_139_000000000-C4LDR_1_1101_14814_18062,448,26,16,41,34,9,47,102,0,33,31,14,43,83,98,129,88,58,42,68,13,55,5,14,4,152,23,1676,0.06736199031369948
M04837_139_000000000-C4LDR_1_1113_20196_23363,21,12,47,46,37,58,24,50,22,35,1,10,3,15,66,53,67,66,9,106,66,258,110,103,30,64,37,1416,0.05691203954904443
M04837_139_000000000-C4LDR_1_2105_10860_16237,0,0,0,0,0,0,0,0,572,0,1176,0,153,152,148,0,0,0,0,0,0,215,0,0,0,0,0,2416,0.09710415787464079
M04837_139_000000000-C4LDR_1_1101_18611_17885,0,0,0,155,0,0,22,0,0,0,52,3,218,0,142,57,74,0,1081,1,0,0,0,0,0,0,92,1897,0.07624444846365627
M04837_139_000000000-C4LDR_1_1117_12437_3764,1,0,13,14,314,124,31,42,1,7,1,9,57,99,34,1,1,29,0,58,15,96,1,623,148,4,321,2044,0.08215268985751895
M04837_139_000000000-C4LDR_1_2102_7738_9082,23,0,0,0,10,24,42,130,67,123,39,53,413,29,96,144,8,155,125,99,0,0,0,423,0,86,16,2105,0.08460440907538032
M04837_139_000000000-C4LDR_1_2113_2052_15036,38,4,74,92,35,21,103,160,325,156,147,253,235,643,230,121,135,246,336,188,77,113,80,35,6,76,179,4108,0.1651092220815498
M04837_139_000000000-C4LDR_1_2108_2863_9544,90,21,175,156,99,60,303,364,183,280,117,110,205,236,323,10,6,6,0,9,4,28,3,9,4,12,95,2908,0.11687868009083419
M04837_139_000000000-C4LDR_1_2119_8698_8116,27,149,35,39,29,22,23,61,0,17,5,0,17,44,60,26,89,135,296,64,78,36,51,34,62,23,28,1450,0.05827857157211471
M04837_139_000000000-C4LDR_1_2111_11379_9244,0,138,0,0,0,0,0,0,0,0,0,0,0,0,63,160,148,1,20,1056,304,0,0,0,3,0,0,1893,0.0760836799903539
M04837_139_000000000-C4LDR_1_2108_28028_7041,2,1,1,2,13,10,13,12,3,1,0,8,14,8,228,416,15,6,0,17,2,11,25,45,18,4,993,1868,0.07507887703221398
M04837_139_000000000-C4LDR_1_2108_9942_12621,258,407,79,10,63,37,82,49,303,184,90,31,2,0,0,0,4,19,113,4,17,74,285,4,42,56,209,2422,0.09734531058459436
M04837_139_000000000-C4LDR_1_2105_7746_22101,0,29,839,201,162,0,57,0,0,206,0,37,0,0,0,0,54,0,240,115,0,26,0,0,0,110,101,2177,0.08749824159482325
M04837_139_000000000-C4LDR_1_2115_6233_18539,51,25,397,427,144,193,121,132,289,286,169,160,30,51,56,21,54,44,34,123,22,173,190,180,150,117,478,4117,0.16547095114648017
M04837_139_000000000-C4LDR_1_2119_28854_12890,0,527,0,0,0,150,0,2334,0,344,22,220,0,0,2932,0,0,0,22,0,0,0,0,0,0,0,0,6551,0.2632985671509817
M04837_139_000000000-C4LDR_1_1105_24831_13257,12,65,26,33,1,19,61,10,165,75,190,86,33,36,19,105,141,63,71,46,114,13,84,1,15,14,90,1588,0.063825083901047
M04837_139_000000000-C4LDR_1_1115_8344_2742,859,1837,2749,2423,1066,1084,790,911,1586,1165,658,386,734,598,898,633,927,846,140,753,504,1057,459,751,114,509,85,24522,0.9855911255802737
M04837_139_000000000-C4LDR_1_1108_9484_3344,518,604,146,232,422,285,412,1045,4,719,78,326,701,573,1937,588,576,273,155,177,265,437,96,123,236,52,692,11672,0.4691224050963606
M04837_139_000000000-C4LDR_1_1119_21876_2037,23,1,38,63,88,31,37,215,24,24,17,43,261,177,96,45,23,16,14,80,2,19,2,41,2,24,39,1445,0.05807761098048673
M04837_139_000000000-C4LDR_1_2113_4185_16719,0,106,0,0,0,0,0,0,0,0,804,442,0,4,700,0,149,42,0,1,23,0,0,0,589,0,0,2860,0.11494945841120556
M04837_139_000000000-C4LDR_1_1112_18259_7209,0,0,0,0,0,0,0,74,0,27,0,93,136,335,1042,91,344,160,67,216,178,0,15,0,69,0,0,2847,0.11442696087297281
M04837_139_000000000-C4LDR_1_2118_7821_10020,0,243,0,0,0,21,0,660,0,0,9,58,0,0,437,0,0,0,0,0,0,0,0,0,0,0,0,1428,0.057394344968951586
M04837_268_000000000-JK5FH_1_1118_21635_13447,139,98,401,856,212,177,150,138,337,26,361,23,147,182,138,234,184,24,13,392,5,17,129,16,27,156,136,4718,0.18962641426016358
M04837_139_000000000-C4LDR_1_1110_23771_22969,44,1,8,118,261,752,49,154,1,18,0,3,37,67,55,4,2,10,8,6,351,43,6,307,344,4,39,2692,0.10819718253250538
M04837_139_000000000-C4LDR_1_1117_22489_11844,171,32,265,200,98,62,180,175,162,238,210,61,141,156,328,85,197,95,58,119,93,295,169,101,19,114,44,3868,0.15546311368340668
M04837_139_000000000-C4LDR_1_2102_28690_8410,37,202,43,25,96,133,12,120,39,58,12,7,18,30,80,66,121,40,137,51,131,70,108,65,98,20,172,1991,0.08002250758626234
M04837_139_000000000-C4LDR_1_2109_8451_13959,30,191,2,4,112,59,32,414,1,139,5,73,55,112,503,228,339,88,126,148,126,97,272,30,77,10,250,3523,0.14159683286107594
M04837_139_000000000-C4LDR_1_1102_6673_22780,15,17,19,23,2379,1521,94,84,23,20,3,0,0,0,51,0,30,14,16,9,0,0,0,289,68,237,205,5117,0.20566306947207652
M04837_139_000000000-C4LDR_1_1106_21733_7128,34,17,5,2,190,216,19,26,0,25,4,25,115,129,67,96,158,57,66,30,8,60,37,73,32,9,41,1541,0.06193605433974397
M04837_139_000000000-C4LDR_1_1114_20641_7490,0,0,0,290,0,233,163,98,318,35,398,249,89,94,169,0,3,1,0,3,0,261,0,0,0,943,1,3348,0.13456321215409658
M04837_139_000000000-C4LDR_1_1102_27874_14121,85,456,4,3,58,90,25,0,0,3,0,0,0,0,2,10,30,169,36,188,237,86,305,397,1219,139,19,3561,0.1431241333574486
M04837_139_000000000-C4LDR_1_2106_24374_11281,23,120,0,0,56,31,39,82,0,40,0,58,52,122,134,40,171,56,100,53,122,9,13,2,45,13,164,1545,0.06209682281304636
M04837_139_000000000-C4LDR_1_2115_5957_18665,9,25,40,69,42,111,37,36,34,104,0,0,15,0,4,6,10,7,0,310,1,0,221,499,423,34,132,2169,0.08717670464821849
M04837_139_000000000-C4LDR_1_2109_8679_20196,267,121,1055,1167,264,330,0,52,0,0,361,210,0,35,75,64,54,71,100,186,73,66,189,356,324,828,45,6293,0.25292900062297785
M04837_139_000000000-C4LDR_1_2107_25676_11749,0,0,0,0,0,0,0,0,0,0,0,0,0,62,0,4,32,69,527,0,688,0,0,0,3,0,44,1429,0.057434537087277186
M04837_139_000000000-C4LDR_1_1101_19951_7602,0,10,4,0,33,190,0,7,0,226,0,95,67,7,13,0,0,6,0,6,0,10,83,417,167,0,337,1678,0.06744237455035068
M04837_139_000000000-C4LDR_1_2119_13786_6044,0,0,0,0,0,0,0,0,0,0,0,1919,0,0,0,0,0,0,0,0,0,0,0,0,0,0,0,1919,0.07712867506681939
M04837_139_000000000-C4LDR_1_1113_16775_15922,0,0,0,1,1259,0,0,0,88,0,269,150,76,294,0,0,112,40,0,0,0,0,0,0,0,0,0,2289,0.09199975884729004
M04837_139_000000000-C4LDR_1_1102_17352_15710,0,9,0,0,0,410,0,0,0,0,0,0,0,0,19,0,25,0,0,0,2025,0,61,0,15,0,1005,3569,0.14344567030405336
M04837_139_000000000-C4LDR_1_2117_20491_13229,0,1101,32,132,0,2,127,297,304,194,0,21,1,0,0,125,71,31,81,91,206,0,89,0,164,206,225,3500,0.14067241413958723
M04837_139_000000000-C4LDR_1_2102_18885_6349,1,11,6,9,0,45,9,77,99,1,98,67,55,885,192,50,98,129,28,105,53,33,0,0,0,0,0,2051,0.08243403468579812
M04837_139_000000000-C4LDR_1_2104_6260_10642,0,0,0,25,229,118,127,101,21,11,5,14,20,150,267,174,52,252,36,12,132,33,56,22,41,36,115,2049,0.08235365044914693
M04837_139_000000000-C4LDR_1_1104_16936_15199,158,99,70,53,210,195,18,563,113,161,189,200,139,453,228,176,105,82,422,110,46,251,361,107,167,166,254,5096,0.204819034987239
M04837_139_000000000-C4LDR_1_2106_28039_19805,73,52,0,22,26,7,220,355,12,14,26,42,197,145,54,88,134,110,76,98,18,122,19,9,25,67,83,2094,0.08416229577379876
M04837_139_000000000-C4LDR_1_2118_11631_20821,0,11,0,0,2,0,3,42,0,0,0,0,0,0,0,0,0,0,0,0,0,2,8,71,6293,0,0,6432,0.25851570507023575
M04837_139_000000000-C4LDR_1_1115_27481_17255,0,0,0,0,16,26,0,0,0,0,0,0,0,0,0,1,0,0,0,0,0,0,0,2,1983,0,0,2028,0.0815096159643094
M04837_139_000000000-C4LDR_1_2111_22466_18808,3,0,311,70,77,2,15,7,14,29,256,171,206,446,66,4,3,206,15,144,31,72,44,13,0,34,17,2256,0.09067341894254537
M04837_139_000000000-C4LDR_1_2103_15718_1460,17,110,4,3,70,27,17,262,0,101,1,21,24,82,299,101,170,65,96,78,78,65,116,19,50,15,122,2013,0.08090673418942546
M04837_139_000000000-C4LDR_1_2114_23363_2673,125,0,0,0,112,102,113,174,0,0,0,0,0,0,0,564,148,410,0,174,0,0,0,0,0,0,191,2113,0.08492594602198508
M04837_139_000000000-C4LDR_1_1117_11166_7749,54,1,105,88,96,147,223,39,0,1,2,4,24,2,28,28,2,153,1,247,8,251,36,442,29,0,9,2020,0.08118807901770463
M04837_139_000000000-C4LDR_1_2108_3189_11630,0,0,0,0,0,0,0,0,0,0,0,0,0,0,5,211,129,632,101,176,461,389,0,0,0,0,0,2104,0.08456421695705472
M04837_139_000000000-C4LDR_1_2112_8170_7934,12,0,0,0,0,0,337,91,53,126,9,16,0,161,266,0,120,297,13,170,48,53,79,4,15,106,0,1976,0.07941962581137839
M04837_139_000000000-C4LDR_1_2107_25592_15394,0,0,0,0,252,59,36,1,0,35,1,0,6,19,0,0,3,144,1,29,648,0,0,2,0,0,132,1368,0.054982817869415807
M04837_139_000000000-C4LDR_1_1105_9210_15660,393,63,6,43,47,53,15,157,27,102,7,30,11,57,105,47,86,151,193,65,115,17,16,84,17,72,148,2127,0.08548863567854344
M04837_139_000000000-C4LDR_1_2109_14376_11550,46,117,25,34,1,12,23,13,260,102,261,241,17,30,11,44,201,92,85,70,170,9,115,1,14,17,102,2113,0.08492594602198508
M04837_139_000000000-C4LDR_1_1105_8525_6954,2,0,0,4,0,11,0,3,24,35,206,130,36,83,5,22,5,12,1,804,14,71,31,167,3,1,94,1764,0.07089889672635197
M04837_139_000000000-C4LDR_1_2113_20973_22379,2,108,82,345,0,0,1,0,16,3,31,16,0,0,0,41,327,6,1,45,71,63,48,0,512,95,19,1832,0.07363196077249251
M04837_139_000000000-C4LDR_1_2101_2318_10291,59,355,85,156,60,56,33,405,7,37,14,15,11,2,84,63,148,91,38,116,122,100,304,33,306,37,2,2739,0.11008621209380841
M04837_139_000000000-C4LDR_1_1111_11629_2882,45,104,60,61,1,25,27,22,198,99,185,108,31,40,18,104,188,126,115,49,113,21,96,0,16,25,80,1957,0.07865597556319205
M04837_139_000000000-C4LDR_1_2104_14993_18299,0,0,0,0,38,0,0,0,4,7,3,98,0,0,899,0,0,0,0,0,0,19,0,0,0,0,1646,2714,0.1090814091356685
M04837_139_000000000-C4LDR_1_1114_25728_7816,0,0,2,843,0,0,389,4,47,154,0,0,0,0,66,0,0,0,0,58,0,0,0,0,0,0,0,1563,0.06282028094290709
M04837_139_000000000-C4LDR_1_2114_23514_11532,0,0,0,17,0,0,89,148,69,57,222,0,0,0,12,10,0,443,696,37,171,1,0,0,0,0,36,2008,0.08070577359779747
M04837_139_000000000-C4LDR_1_2117_8781_7865,114,215,65,96,6,8,3,152,4,4,5,36,5,4,387,28,86,46,16,45,121,89,137,27,51,1,14,1765,0.07093908884467756
M04837_139_000000000-C4LDR_1_1107_11633_5134,52,125,22,18,0,11,25,10,264,76,264,232,44,64,15,96,220,73,154,69,91,14,125,0,18,11,127,2220,0.0892265026828239
M04837_139_000000000-C4LDR_1_1111_28258_9257,24,1,200,202,48,10,140,223,4,46,13,37,578,244,94,32,25,48,1,82,46,411,84,12,0,6,154,2765,0.11113120717027392
M04837_139_000000000-C4LDR_1_1107_14127_1280,0,0,3,2,18,14,2,115,6,49,396,0,15,74,64,10,0,18,1,207,36,173,1201,41,92,1,30,2568,0.10321335986013143
M04837_139_000000000-C4LDR_1_2105_7054_13072,66,244,1,17,27,51,9,1,0,4,0,0,0,0,1,16,63,129,14,111,184,66,222,272,827,94,14,2433,0.09778742388617592
M04837_139_000000000-C4LDR_1_2119_9935_21892,18,119,232,642,0,1,84,73,138,8,26,1,13,4,16,13,32,35,338,66,26,18,13,8,38,21,12,1995,0.08018327605956473
M04837_139_000000000-C4LDR_1_2108_9772_17885,65,21,73,89,215,58,49,40,57,35,65,22,10,6,16,18,23,3,19,16,18,48,29,36,24,315,47,1417,0.056952231667370026
M04837_139_000000000-C4LDR_1_2105_27046_8949,23,61,53,46,2,18,43,20,126,120,99,107,14,32,12,47,88,142,66,35,194,4,59,0,4,21,67,1503,0.06040875384337131
M04837_139_000000000-C4LDR_1_1102_20094_9768,18,0,0,0,115,0,59,20,0,0,0,0,0,138,1,63,1,0,0,17,0,943,205,421,31,0,0,2032,0.08167038443761178
M04837_139_000000000-C4LDR_1_2108_22520_25011,13,206,0,12,2,85,8,26,0,18,11,56,22,13,275,148,51,29,5,47,34,34,47,35,67,2,0,1246,0.050079379433693054
M04837_139_000000000-C4LDR_1_1111_19680_4653,83,218,15,104,92,16,66,174,11,28,297,56,595,183,142,87,42,128,370,151,114,5,3,4,21,3,11,3019,0.12134000522497539
M04837_139_000000000-C4LDR_1_1119_19309_11470,369,3,18,34,18,66,5,158,99,134,134,20,77,111,145,3,6,0,0,1,0,20,35,32,77,33,1,1599,0.06426719720262856
M04837_139_000000000-C4LDR_1_1102_6926_17094,11,131,4,0,39,144,20,44,0,154,11,115,100,61,103,108,91,69,66,72,58,29,86,59,22,0,49,1646,0.0661562267639316
M04837_139_000000000-C4LDR_1_1117_19536_5631,110,69,40,143,8,82,86,11,159,114,23,15,17,0,22,35,28,184,107,308,88,33,156,343,113,16,123,2433,0.09778742388617592
M04837_139_000000000-C4LDR_1_2109_17841_22431,47,7,106,55,7,15,66,29,64,49,136,47,87,93,58,84,130,71,4,95,26,339,54,52,2,58,39,1820,0.07314965535258536
M04837_139_000000000-C4LDR_1_2114_12409_11611,52,59,0,0,362,0,2,0,0,12,5,12,118,692,47,229,68,0,18,24,4,0,0,0,0,227,0,1931,0.07761098048672656
M04837_139_000000000-C4LDR_1_2112_16008_2550,39,21,46,99,23,14,117,186,103,143,198,70,100,63,373,119,78,233,78,113,47,225,12,16,28,41,23,2608,0.10482104459315528
M04837_139_000000000-C4LDR_1_1105_25101_5677,47,22,34,72,26,10,88,140,79,114,102,74,78,63,245,91,59,167,84,93,45,168,8,10,29,28,17,1993,0.08010289182291352
M04837_139_000000000-C4LDR_1_1101_5881_21061,57,0,0,0,0,0,0,0,1771,2,0,0,0,10,17,3,1,1331,1,204,5,0,0,0,0,0,0,3402,0.1367335865436788
M04837_139_000000000-C4LDR_1_1113_23087_15999,26,83,24,24,2,5,26,17,111,84,91,100,29,59,12,41,140,134,127,41,86,8,93,1,12,10,62,1448,0.058198187335463517
M04837_139_000000000-C4LDR_1_2111_24390_19304,57,16,24,2,8,4,13,52,17,25,5,17,1,0,10,18,24,31,76,64,33,7,193,413,198,15,211,1534,0.0616547095114648
M04837_139_000000000-C4LDR_1_1101_19779_4115,91,317,221,207,163,163,195,233,117,212,53,86,76,88,95,46,101,62,148,90,164,85,306,189,261,101,109,3979,0.1599244388175479
M04837_139_000000000-C4LDR_1_2108_21201_4648,59,48,49,67,94,54,27,52,0,36,2,11,10,0,32,38,62,96,118,47,20,94,83,209,180,251,126,1865,0.07495830067723719
M04837_139_000000000-C4LDR_1_1109_22607_1397,0,0,0,0,0,0,0,0,0,0,391,280,484,512,4,0,0,0,0,0,0,0,0,0,0,0,1,1672,0.0672012218403971
M04837_139_000000000-C4LDR_1_1104_26341_9487,0,898,0,0,0,0,0,35,0,0,0,0,0,8,0,2,2,12,347,0,153,0,43,0,0,0,0,1500,0.060288177488394525
M04837_139_000000000-C4LDR_1_2109_21568_12573,0,37,0,0,0,4,133,1,0,0,0,0,0,0,2,0,0,0,2,30,47,21,2,0,0,0,975,1254,0.050400916380297825
M04837_139_000000000-C4LDR_1_2106_22207_10772,0,523,0,3,0,0,0,179,2,38,1,0,0,85,11,66,68,0,193,3,0,38,37,0,0,0,0,1247,0.05011957155201865
